Sequence,Predicted Class,Class 0 Prob,Class 1 Prob
TATAAA,0,0.5362240672111511,0.4637759327888489
TATATA,0,0.5283039808273315,0.47169604897499084
TATAGA,0,0.5456302762031555,0.45436975359916687
TATAAT,0,0.5278642773628235,0.4721357524394989
TATGAA,0,0.5313384532928467,0.46866151690483093
TATTTA,1,0.49192848801612854,0.5080715417861938
TATGTA,0,0.5197158455848694,0.480284184217453
TACAAA,0,0.5420918464660645,0.45790809392929077
TATCTA,0,0.5086020231246948,0.4913979470729828
